Label,Allocated_Hours,Avg_Duration_Min,Min_Hours,Max_Hours,Cases_Performed,Binding,Reduced_Cost
ENT - Septoplasty,2.4769,52.5,2.4769,3.7154,2.8308,at min bound,-0.7321
ENT - Tonsillectomy,6.5723,28.2914,4.3815,6.5723,13.9385,at max bound,0.2458
General - Laparoscopic cholecystectomy,1.92,48.0,1.92,2.88,2.4,at min bound,-0.625
General - Sleeve gastrectomy,7.68,96.0,7.68,11.52,4.8,at min bound,-1.25
OBGYN - Cervical biopsy,2.8174,33.5,2.8174,4.2262,5.0462,at min bound,-0.084
"OBGYN - Hysterectomy, surgical",6.4759,77.0,6.4759,9.7138,5.0462,at min bound,-1.0958
Ophthalmology - Extracapsular cataract removal,8.3769,16.3024,5.5846,8.3769,30.8308,at max bound,1.8054
"Orthopedics - Arthroplasty, hip",2.0759,88.0,2.0759,3.1138,1.4154,at min bound,-1.1932
"Orthopedics - Arthroplasty, knee, hinge prothesis",7.5836,90.1707,7.5836,11.3754,5.0462,at min bound,-1.2096
"Orthopedics - Arthroscopy, knee, surgical",3.9856,34.6964,3.9856,5.9785,6.8923,at min bound,-0.1457
"Orthopedics - Carpal tunnel release, open",1.5292,35.5,1.5292,2.2938,2.5846,at min bound,-0.1849
"Orthopedics - Fasciotomy, palmar, open",1.2062,56.0,1.2062,1.8092,1.2923,at min bound,-0.8036
Orthopedics - Flexor tendon repair,0.9641,47.0,0.9641,1.4462,1.2308,at min bound,-0.5984
"Orthopedics - ORIF, phalangeal shaft fracture",1.8092,84.0,1.8092,2.7138,1.2923,at min bound,-1.1607
"Pediatrics - Myringotomy, general anesthesia",3.7231,27.5,2.4821,3.7231,8.1231,at max bound,0.3068
"Pediatrics - Tympanostomy, general anesthesia",5.6656,32.0,4.3323,6.4985,10.6231,flexible,-0.0
"Plastic - Adjacent tissue transfer, eyelids, nose, ears, lip",6.6554,75.4535,6.6554,9.9831,5.2923,at min bound,-1.0798
Plastic - Liposuction,4.5046,122.0,4.5046,6.7569,2.2154,at min bound,-1.3832
Plastic - Removal of benign skin lesion,2.3118,32.6667,2.3118,3.4677,4.2462,at min bound,-0.0383
Plastic - Rhinoplasty,1.1815,72.0,1.1815,1.7723,0.9846,at min bound,-1.0417
Podiatry - Bunionectomy with distal osteotomy,6.7774,77.7412,6.7774,10.1662,5.2308,at min bound,-1.1032
"Podiatry - Correction, hammertoe",1.9385,45.0,1.9385,2.9077,2.5846,at min bound,-0.5417
Podiatry - Hallux rigidus correction with cheilectomy,0.9908,42.0,0.9908,1.4862,1.4154,at min bound,-0.4464
Podiatry - Lapidus bunionectomy,0.6092,22.0,0.4062,0.6092,1.6615,at max bound,0.8523
"Podiatry - Neurectomy, intrinsic musculature of foot",0.8862,48.0,0.8862,1.3292,1.1077,at min bound,-0.625
"Podiatry - Partial ostectomy, fifth metatarsal head",1.7169,93.0,1.7169,2.5754,1.1077,at min bound,-1.2298
Podiatry - Plantar fasciotomy,1.4862,34.5,1.4862,2.2292,2.5846,at min bound,-0.1359
Urology - Cryosurgery of the prostate gland,2.64,66.0,2.64,3.96,2.4,at min bound,-0.9659
Urology - Cystourethroscopy,2.8046,23.9868,1.8697,2.8046,7.0154,at max bound,0.6264
Urology - Vasectomy,2.7231,34.0385,2.7231,4.0846,4.8,at min bound,-0.1123
Vascular - AV fistula,5.2718,54.1053,5.2718,7.9077,5.8462,at min bound,-0.7661
"Vascular - Digital amputation, metatarsophalangeal joint",2.64,33.0,2.64,3.96,4.8,at min bound,-0.0568
