Label,Allocated_Hours,Min_Hours,Max_Hours,Binding,Reduced_Cost,Cases_Per_Hour
ENT,9.3544,6.8585,10.2877,flexible,-0.0,1.7676
General,9.6,9.6,14.4,at min bound,-1.0176,0.75
OBGYN,9.2933,9.2933,13.94,at min bound,-0.6816,1.086
Ophthalmology,8.3769,5.5846,8.3769,at max bound,1.9128,3.6804
Orthopedics,19.1538,19.1538,28.7308,at min bound,-0.7363,1.0313
Pediatrics,10.2215,6.8144,10.2215,at max bound,0.2191,1.9868
Plastic,14.6533,14.6533,21.98,at min bound,-0.8983,0.8693
Podiatry,14.2021,14.2021,21.3031,at min bound,-0.7017,1.0659
Urology,7.2328,7.2328,10.8492,at min bound,-0.1255,1.6421
Vascular,7.9118,7.9118,11.8677,at min bound,-0.422,1.3456
